fname,lname,fav_language
Moltira,Saison,
moltira,saison,
moltira,saison,
moltira,saison,
moltira,saison,
moltira,saison,
moltira,saison,
moltira,saison,
moltira,saison,
moltira,saison,
Moltira,Saison,
มลทิรา,ใสสอน,
moltira,saison,
moltira,saison,
มลทิรา,ใสสอน,
moltira,saison,
ih7u,ijhyg,
มลทิรา,ใสสอน,
,,A++
ojhy,yvfcrtg,
,,A+
,,A+
moltira,saison,
,,A++
มลทิรา,ใสสอน,
,,A+
moltira,saison,
,,A++
มลทิรา,ใสสอน,
มลทิรา,ใสสอน,
,,A++
moltira,saison,
,,A
moltira,saison,
,,A++
moltira,saison,
,,A++
moltira,saison,
,,A+
มลทิรา,ใสสอน,
,,A
moltira,saison,
,,A++
มลทิรา,ใสสอน,
,,A++
moltira,saison,
,,A++
ojhy,yvfcrtg,
,,A++
มลทิรา,ใสสอน,
,,A++
ih7u,ijhyg,
,,A
moltira,saison,
,,A+
มลทิรา,ใสสอน,
,,A++
moltira,saison,
,,A+
มลทิรา,ใสสอน,
,,A++
moltira,saison,
,,A
kkk,hhh,
,,A++
,,A++
,,A+
,,A
,,A
,,A
,,A++
,,
,,A++
,,A+
,,A
มลทิรา,ใสสอน,
,,A+
moltira,saison,
,,A
ih7u,ijhyg,
มลทิรา,ใสสอน,
,,A+
,,
,,A+
มลทิรา,ใสสอน,
,,A++
